,x,y,z,color
0,-95.60220769474103,316.65719024363364,-8.05195400692395,pink
1,-83.11603781703802,297.59896264926573,-9.61626501525898,pink
2,-36.21692203126484,199.59725626522496,-6.494037132730181,pink
3,-16.680980409889283,174.9138489122732,-3.98268319740063,pink
4,-10.434099796336323,124.31416219987044,-5.83799890109477,pink
5,-23.032316737790453,55.095758772976744,-8.225861137591536,pink
6,14.296644276976398,148.25073911940686,-0.9602497472877881,pink
7,-11.617609858064467,68.9732387563245,-3.7002584502045806,pink
8,-100.658296208711,260.0761281470892,-5.804094590508104,red
9,-83.71703974994394,222.81907759874022,-1.778214293991258,red
10,-36.19410002080776,196.66099369430728,-0.8450324752378807,red
11,-37.38495250059138,165.9302122434626,-3.568103201324916,red
12,-11.007526010516687,13.22695523285662,-0.028048085782532692,red
13,-136.243738625994,193.54601547023802,-2.0585243968658897,orange
14,-99.3415504463754,263.8633935176419,-8.590637872278117,orange
15,-100.09521051317087,260.33901678420176,-6.285536087074409,orange
16,-125.42009922696805,194.37489978339605,-5.056208278255666,orange
17,-37.753671236014576,165.61702576897625,-1.8804215814945011,orange
18,-16.373211558222653,172.77572190396168,-0.0030834093207717655,orange
19,-12.480880166771907,148.79461767086076,-0.41372397657393145,orange
20,-14.275315365536143,-44.522317094100636,-1.3979504917083276,orange
21,-183.965149771385,180.25885961705836,-327.9766362157602,yellow
22,-13.533855866162094,-45.20925056877066,-0.19608259988939425,yellow
23,-102.19406960602197,261.1685701035054,-0.39590071112391595,green
24,196.40725247434403,-142.06998640247167,-0.661624031660058,green
25,-105.53265208543165,260.1394502560469,-0.5548846178048433,red
26,-102.52819571156314,261.69671410589376,-1.0474245208329926,red
27,-101.27959872524791,266.6627331567092,-13.010847608687705,orange
28,-102.33138855625106,262.67895276171447,-10.159531795592336,orange
29,-82.83204641361814,297.67556218843004,-10.353974389470924,orange
30,-37.07714915282823,198.11415870308335,-3.112092060129728,orange
31,-39.166906003728414,187.29802107063946,-5.644755950738368,orange
32,-10.502818903554344,124.15212408226199,-5.474380129553182,orange
33,14.334550975281244,148.41250909685388,-1.1880339434879434,orange
34,-11.745553471271634,68.5596217690896,-2.923033899036371,orange
35,-200.19785051511818,195.2721616611814,-9.645995480028096,yellow
36,-95.38542731847406,312.5395123535313,-0.5883522508375227,yellow
37,-193.7867941608546,356.7214201596634,-7.583267160932758,blue
38,-102.6094917954739,261.7600556166344,-0.12556555953322224,blue
39,-82.55541675986564,293.75101461961475,-0.8406765338512243,blue
40,-199.23771332985567,196.02103115324593,-11.558731970365539,grey
41,-95.54020538397944,312.5701674255587,-0.8967038455899962,grey
42,-96.33908197360091,308.8106539754825,-2.33139593627909,grey
43,-81.58536037482197,294.3380839940412,-5.858591224547373,grey
44,-146.14916702488046,379.65224014569384,-4.128477406772029,pink
45,-201.49269242642853,195.3103441725466,-8.858784045467468,pink
46,-81.62933957934368,294.6835716625755,-5.37111069206009,pink
47,-201.17934433463148,195.26798187282242,-8.492867512326267,orange
48,-102.88919896855941,261.42614149349333,-0.4914048723860774,orange
49,-198.66438527241775,355.97632042185046,-1.1419648330067795,yellow
50,-184.75380289099067,373.6159235477166,-1.5949827015502422,yellow
51,-147.4551304308353,379.56761751196666,-1.3936170888744364,yellow
52,-200.60598086689632,195.9682704593895,-9.528411351577946,yellow
53,-103.24155147905816,261.45786756240716,-0.004882089125873746,yellow
54,-99.04658561404264,311.64614309187544,-6.691646910707817,purple
55,-104.71680892832357,261.3343583016627,-7.16643440729751,purple
56,-125.7178733013898,194.28443139461083,-7.392651863127991,purple
57,-40.710304635955104,186.37664569621916,-7.469586934826859,purple
58,-15.635220999276584,173.88678462089732,-4.1027735791499556,purple
59,-13.031272301756958,148.14327617454364,-0.7992094322093635,purple
60,-10.777264396848883,122.46226040939868,-4.004505956545716,purple
61,-11.685825276760799,68.21543454645287,-3.9053051481313537,purple
62,-14.055388788708031,40.12136439385763,-1.6676201650711457,purple
63,-96.58292732884442,316.13417633340464,-6.604627079922275,green
64,-102.54854648383196,268.9153674732518,-10.998855336038933,green
65,-101.90071581898846,266.2158965368519,-11.840790272396545,green
66,-102.34797616604799,262.75037328109806,-10.356958680142382,green
67,-37.54689691760888,197.68732400609113,-1.4666290505497344,green
68,-33.55858667304998,186.79742208187824,-4.802559121687748,green
69,-38.44103730075958,168.54176976354748,-6.351150170301654,green
70,-17.22813000048795,174.26175166774627,-2.2749275238079543,green
71,-10.456925388190072,124.37332020401408,-6.060604835583044,green
72,-13.598869369766165,95.96474287478284,-4.141015175657018,green
73,14.195295414311431,148.18921742464397,-0.7763651259376564,green
74,-11.679231411995426,68.979780110461,-3.754617268347405,green
75,-98.35925061980612,264.88116576086276,-17.0980167445042,blue
76,-99.20337526577416,260.88479817358564,-15.90289376515998,blue
77,-78.91980112042049,297.4141700683636,-17.288946103041575,blue
78,-35.15033490139691,199.38339858242506,-10.530837114135915,blue
79,-39.636890097036115,188.4338020232292,-14.120104182719931,blue
80,-37.06709692200137,187.59836807958453,-11.530757958722988,blue
81,-15.151296682479808,175.49151683563628,-9.694493614027646,blue
82,-11.718444697686499,151.2725969214143,-9.268668931589325,blue
83,-9.162625261343223,126.66209909914105,-13.828844594714399,blue
84,-9.914099801002896,52.029331302486554,-22.086399175384486,blue
85,-181.55590066182233,371.4377183283906,-3.4925340350664054,pink
86,-96.73792272100566,194.23512833483835,-273.3247374321085,pink
87,-183.97293640341002,177.45332805536992,-324.4931035888881,blue
88,-96.50996334867565,172.71572358694775,-325.0002759719306,blue
89,-96.28505247762018,316.28467856407775,-7.2198344968118935,grey
90,-102.68083314094577,268.29669240362153,-10.221244639832674,grey
91,-36.1169060410609,199.55447174842584,-6.656321705746837,grey
92,-16.666901240566624,174.84755884234917,-3.8593519494283566,grey
93,-10.55870257059155,124.03434061714056,-5.344085296654907,grey
94,-11.643323090491304,68.87036919189667,-3.6257737169525304,grey
95,-13.077723437249425,-41.70342858985295,-4.53255555944737,grey
96,-184.40787324033892,177.96216952949635,-324.05823399418034,yellow
97,-180.22845949253252,175.18192685919118,-326.0464916478625,yellow
98,-105.60177993937688,264.2052490856242,-9.546611082787352,red
99,-101.93138988492484,266.0496822482234,-11.80731893129203,red
100,-102.53939685896172,262.36557301693625,-10.20275555944361,red
101,-36.861895226779026,198.79178686305906,-4.455067390659121,red
102,-39.35408637390232,186.88339622971534,-5.2092716224358355,red
103,-11.10496608641655,123.30903215954706,-3.9645752986462437,red
104,-13.812881127377938,-12.967932749949151,-1.003293716571282,red
105,-11.057976328163209,-38.5141017413953,-10.41179175264755,red
106,-179.8439720043639,177.59997155116216,-325.1214930828941,orange
107,-166.43702755702384,160.0357009375169,-323.0229162748699,orange
108,-181.38342253364934,146.6079632698023,-324.7665651683981,yellow
109,-169.52461887246082,154.7436637389965,-319.5838746267243,yellow
110,-187.5785611327846,176.59736559184165,-318.6938980324284,purple
111,-185.1827088624331,171.98737396517473,-318.0135443829616,purple
112,-169.58825878402598,156.02667450231252,-318.9858936822952,purple
113,-133.95148859262235,109.47812094759362,-320.6381758136242,purple
114,-167.3613601695635,160.82343773359486,-322.10284914425483,green
115,-129.96399793304866,116.55011115038579,-326.41132414502385,green
116,-86.32802005221862,139.46672443752993,-320.3998741224761,green
117,-186.84129749956594,179.48808652316683,-322.14174971615483,blue
118,-169.15246511338307,158.9474094360587,-322.3612702790531,blue
119,-186.68189464215195,180.19642251157555,-321.6685844957667,grey
120,-184.82966369100154,175.5413509898922,-320.80862211220204,grey
121,-169.18190012968142,159.54883627154842,-321.669424561835,grey
122,-152.962049337467,129.3460854476412,-326.81858396246236,grey
123,-184.20430297978368,175.5182830262008,-327.4483820565243,pink
124,-181.81966202162923,178.54467878144195,-324.238459258007,pink
125,-168.660289888329,160.81358873331678,-322.645533047608,pink
126,-154.20960352817156,129.8360065463301,-325.2750881906862,pink
127,-56.62341702894829,232.5634076629428,-464.41492919978975,pink
128,-169.58881728050022,160.12236628855962,-321.0760550979028,red
129,-153.32994292515073,128.92227610501877,-326.0962093493117,red
130,-96.87574253425935,315.9675651714506,-5.835815321147302,orange
131,-104.38156246631837,268.05826522325816,-6.413629670485417,orange
132,-36.84710401046794,198.62611354223594,-4.251194377415259,orange
133,-38.515978405108164,187.94899595737814,-7.951631129669467,orange
134,-10.96687445880792,123.51295125674181,-4.367394745061545,orange
135,-13.746817908801747,-12.787257234474161,-1.3047395130565143,orange
136,-13.065326752530849,-42.03503579747989,-4.302247158262363,orange
137,-170.94209205822634,158.37197770983215,-321.26042594578405,yellow
138,-127.52737662960854,142.83480700434367,-317.68761942930894,yellow
139,-123.25200881194274,112.95358515491354,-324.9121743923783,yellow
140,-187.2473137685212,181.4602009691822,-321.6717822139186,purple
141,-184.17508907196316,177.6543470150079,-322.26320525300906,purple
142,-169.2432368837103,161.1336696325629,-322.3404423710815,purple
143,-153.2512807264787,131.8978558082177,-327.1768814791181,purple
144,-68.22461074721635,69.22171086438692,-322.91749156312846,purple
145,-184.30912204897714,176.81313314581826,-322.01737174044143,green
146,-126.13092380686768,144.54625229896428,-318.89161654112894,green
147,-183.22701420466186,177.80898300722865,-323.1766547285941,blue
148,-168.31162214167276,161.3793499195319,-323.1402473479893,blue
149,-184.6268255400252,176.46268936781553,-323.89061860697115,grey
150,-183.1339475344788,180.04896408925262,-320.3239154507059,grey
151,-170.5303347227639,159.2298684877982,-322.780251682673,grey
152,-154.8276083743048,127.9894522718313,-327.1182036893615,grey
153,-76.65605278911582,60.468761457022865,-324.8869386335902,grey
154,-187.51046744373699,180.6581034743947,-324.199596144998,pink
155,-169.51085589600805,160.28248416663502,-324.8190635555623,pink
156,42.25331738321799,-150.06319272848134,-3.115535585913578,pink
157,-184.52693000566103,177.253187783315,-323.54288680294286,red
158,-169.06205178141852,161.15376435169284,-324.3002907937815,red
159,-154.23615185077247,130.34629261679373,-327.47398034726893,red
160,-122.06303973927702,115.18789791706568,-327.31665571218775,red
161,-168.74193535269865,162.33469252717086,-323.4827744557823,orange
162,-152.58622250625692,150.627201020492,-327.81231261089715,orange
163,-153.13944353857804,132.29255767729748,-327.52174282480826,orange
164,-154.04828775435476,130.01758064474666,-330.3801867924791,yellow
165,-133.3044853932683,116.72955004929986,-330.3443909340429,yellow
166,-121.85589543378742,115.90211040148928,-330.40874069535954,yellow
167,-184.58003771093584,177.24237285509588,-322.88215053658763,purple
168,-153.13672463402278,129.83844804866914,-327.692230532221,purple
169,-124.89952896905532,146.01156709801327,-321.8423390499963,purple
170,-131.75689293479795,116.97713744947639,-327.9524844614778,purple
171,-126.76528413655042,127.0575301732445,-323.75642753712776,purple
172,-121.28119033080053,115.14794827231962,-326.7624792751935,purple
173,-94.94721461376213,317.1095482114532,-10.463957484206931,green
174,-95.64513624383754,306.6465839869324,-8.02415220611133,green
175,-105.7021757587178,264.151747894371,-9.184104233976953,green
176,-101.68298386012674,266.24313664420447,-11.840833480849405,green
177,-37.54698103237478,197.93636753146646,-1.9245814673840886,green
178,-38.695018083052766,187.46096029561238,-6.496147371665038,green
179,-16.52751937087639,175.02217925072574,-4.4872204116561,green
180,-10.99362502932974,123.42563883010398,-4.081464922851056,green
181,14.246016966836285,148.18344424476592,-0.8390374832616775,green
182,-11.780644206288189,68.58947854670906,-3.156656100991677,green
183,-186.1492176136237,175.8587023449989,-322.18598192699767,blue
184,-170.5268059106582,159.6631479772932,-323.0074327874472,blue
185,-152.75691876224275,130.2295781107159,-329.5642394917784,blue
186,-105.18368096262327,134.58516960659975,-325.8000448277607,blue
187,-184.73953786343836,176.3706335693187,-325.85901882666036,grey
188,-169.59180387690054,159.7245923748768,-326.0392592888785,grey
189,-188.33226028206101,179.49305701654342,-327.08076108906647,pink
190,-169.84766284612815,159.47152997188192,-327.9278850749207,pink
191,-131.7626148295364,115.97887729616568,-332.1238992783717,red
192,144.24148965834826,174.2297774058584,-374.8024854354362,red
193,-96.40792532950391,316.17346808857474,-7.4171455598684854,yellow
194,-104.21593137542983,268.19937417773775,-6.991573035568745,yellow
195,-37.302484394273876,198.20442090239422,-2.9576045963179634,yellow
196,-33.607954808257944,186.73001885135196,-4.745331017951345,yellow
197,-16.251713314293887,175.35927842335892,-5.2754378509302455,yellow
198,-10.954930356626036,123.73199086771942,-4.691884011425718,yellow
199,-13.670239760758868,-12.703333353718447,-1.2482540402222133,yellow
200,-157.2194613391887,334.77725700732674,-3.869951887500807,purple
201,-95.78989845870875,316.4800206638775,-8.187752913841093,purple
202,-104.04550624190922,268.6748148506451,-7.790950289299755,purple
203,-105.62855365930419,264.09995998672525,-9.670762183488922,purple
204,-101.74202446638246,266.17906845608013,-11.855126754355508,purple
205,-36.696057411929466,199.14839775330464,-5.325186945242727,purple
206,-39.576317647211816,186.9443849628343,-5.275607786525962,purple
207,-10.642472248069938,123.9271792320784,-5.322744850840925,purple
208,14.12079520489809,147.92386615747665,-0.4279375521598671,purple
209,-11.665021492626103,68.87111078420145,-3.803314337415092,purple
210,-95.65298372117898,316.5690933911534,-8.31618323621831,green
211,-101.76915843944245,266.1180085417678,-11.815104359408128,green
212,-36.81875724941508,199.08121763365457,-4.89593597058974,green
213,-33.30197684235669,187.03367693765207,-5.660015810911137,green
214,-38.59470597980811,167.8827955253221,-5.657565970384809,green
215,-10.842324709253035,123.6928727167241,-4.740463403553613,green
216,-13.710896541771836,-12.938676463292824,-1.125997528138512,green
217,-83.43594211027356,297.39928007476607,-9.082768499295188,blue
218,-36.47310353817485,199.534125918744,-6.084988633872911,blue
219,-33.894011838687646,186.3515953724084,-3.767743305573311,blue
220,-38.291616371671054,168.6806124794695,-6.845918892855269,blue
221,-11.191905240223347,123.16938629250986,-3.416113341981584,blue
222,-11.800323047356235,68.69593849120491,-3.308623807093558,blue
223,-13.719997561407212,-12.825949831939017,-1.1573420175425722,blue
224,-12.94137870563843,-41.19431974377135,-5.380500354186689,blue
225,-95.18213335268818,317.06316358584405,-9.770615873916368,grey
226,-104.9739651605228,264.9589506974135,-10.769133346710586,grey
227,-101.80525176089515,266.2106516205398,-11.411807891360565,grey
228,-102.28884357489184,262.94949149963514,-10.653991623949858,grey
229,-83.07351776593418,297.58057589816343,-10.022361446249105,grey
230,-36.762354289561046,199.4284610931622,-5.2769375516697865,grey
231,-10.601999158531287,124.3087565984027,-5.477190372774636,grey
232,13.92149234930323,95.94536399022887,-1.7829737697801404,grey
233,-13.408623594503478,-11.659009868345933,-2.4029644414536766,grey
234,-12.279132099282194,-38.505578170967276,-8.530048523522728,grey
235,14.024449050326307,14.887049629042187,-1.6240714613243032,grey
236,-100.96081197551337,266.95017461020234,-12.967773887473252,pink
237,-82.87793732804928,297.6672358766769,-9.873938388157642,pink
238,-36.0920908333346,200.37689574179845,-6.799955877189646,pink
239,-37.98634609014251,188.95210498376832,-9.01139322343213,pink
240,-12.335027694561052,151.3877372531467,-4.085172300192281,pink
241,-10.343603676885952,124.77446049005646,-5.746126922316053,pink
242,-11.616510660313764,69.38976468008154,-3.4723717932015568,pink
243,-13.230213718577053,-11.141259964234951,-2.7924006975279476,pink
244,-99.14385495263193,318.71747213376716,-9.355491209301244,red
245,-104.30115042681015,265.85536918808896,-12.350422778624043,red
246,-101.43397609555534,270.2167341797229,-13.532424469662747,red
247,-101.42487951822143,266.9180419826381,-12.023037971518148,red
248,-82.66534584154404,297.87076661314165,-10.719501154362764,red
249,-36.360654618634406,200.02188719594008,-5.507128736603285,red
250,-38.174693375462454,188.6230623385448,-7.773933708444591,red
251,-12.059505032461006,151.99697004181203,-5.2511760775777665,red
252,-10.271059707485877,125.23769901698701,-6.1425211186835496,red
253,-98.63141696776437,319.06569165363805,-10.410974295354517,orange
254,-94.37089187143876,317.99247650692075,-11.408751373869766,orange
255,-104.04252723703526,265.9958634976479,-12.284186458269058,orange
256,-102.21296494927564,270.1357048183921,-11.312717609410232,orange
257,-101.0041819506171,267.3547123931575,-12.963379724190194,orange
258,-82.8301429558422,297.9820138273204,-9.690271801249333,orange
259,-36.63606257734325,199.39087347419476,-3.3637395177965748,orange
260,-15.944775840990754,176.00832608304634,-4.324192223371535,orange
261,-11.839519432784716,152.22078469204897,-5.2624494287633885,orange
262,-9.873768583271614,125.87828819826814,-6.884207063691149,orange
263,15.009965360936908,149.95844014989467,-2.639498815355691,orange
264,-103.76851508360969,269.8089323309267,-7.1469027570877515,yellow
265,-104.0850201592314,266.1627030032645,-12.134846583215117,yellow
266,-101.56831847735214,267.08757146587976,-10.996148841131523,yellow
267,-101.1271730734317,264.53532324445246,-11.752390180328211,yellow
268,-82.81230739115964,298.11305479177537,-9.345045591287173,yellow
269,-35.561981735238994,200.90216824072007,-6.916318162467046,yellow
270,-38.61027562870859,188.7000656940824,-6.110000544906287,yellow
271,-32.67195615214433,188.7295451053625,-6.629283368204232,yellow
272,-15.965281141026376,176.51384799799044,-4.6441874282170374,yellow
273,-11.439390236565709,153.16598171620035,-6.459223615282175,yellow
274,-9.799609238711502,126.32719171173912,-7.079682886888088,yellow
275,15.344126502223386,150.88706357033305,-3.9222347192167617,yellow
276,-100.85245763966823,271.2213909715709,-13.969257544853596,purple
277,-99.96449474603196,268.3277490132641,-14.880718213317548,purple
278,-81.45732540515498,299.00954073727286,-12.84191714847251,purple
279,-36.12768215710659,200.44387750606194,-4.773409687361873,purple
280,-15.957314151714744,176.36062277281843,-3.7830985886020625,purple
281,-9.61781054972402,126.68518744397194,-7.417114617796724,purple
282,16.562468279283465,23.1863880552804,-12.366250465030827,purple
283,-199.7506688277432,199.94718004136075,-14.03725133852781,green
284,-103.06204456953004,266.9221942435632,-15.178591338787717,green
285,-99.84814676731918,268.53528533643185,-16.374490545428387,green
286,-100.27849096042407,264.8925394953677,-15.130630158675327,green
287,-81.17187085990706,299.70582066389557,-14.887283020941892,green
288,-25.03102889641965,320.33061563143974,-15.561033223413403,green
289,-36.09266367191268,201.27120800845742,-6.148631476726691,green
290,-15.263729354884788,178.05154422620666,-7.718183522661099,green
291,-10.980147377129343,155.07332027614765,-10.030191857101979,green
292,15.41758637661596,127.41086323837386,-7.7951310741990465,green
293,-102.06119757987686,268.0773178285689,-17.262364929112717,blue
294,-98.7150778621323,269.56906584743325,-18.35232990387332,blue
295,-99.47439283761545,265.88611764200346,-16.350440535479542,blue
296,-80.13633895074034,300.7774872185513,-16.848837161135126,blue
297,-35.82859602576287,201.69741334365648,-6.52092292837572,blue
298,-10.563902311175024,156.08520428283714,-11.584474001850497,blue
299,-5.947310911508837,30.315881011748985,-23.068808981719307,blue
300,85.99393559956215,-125.1787251938182,-5.117613459902292,blue
301,-96.02365139567617,321.2469386690797,-16.201784483026128,grey
302,-91.75935546948928,320.24007630462114,-16.683929650486142,grey
303,-101.97341636040979,268.3287809428611,-17.30380423006174,grey
304,-99.08861215301876,269.4792068657196,-17.064603932884644,grey
305,-99.19845629745778,266.34378948193915,-16.87370794005596,grey
306,-33.358887983837015,204.3032610136648,-14.400633529021537,grey
307,-14.206956602752287,179.9668675425493,-11.244795271211668,grey
308,-10.333552451226387,156.01533009984055,-11.249511476610198,grey
309,-8.3210085952075,130.25247672296757,-13.722334852588912,grey
310,-11.406276756278329,-32.85688841327793,-13.305417941771333,grey
311,42.12406844697532,-5.22446935537477,-10.679210697026774,grey
312,-95.08291668521542,318.07804414737603,-9.104414866031131,pink
313,-100.38743673958156,268.0923337054894,-12.757885831174281,pink
314,-81.42498029200517,299.2173488233305,-11.916942158526252,pink
315,-36.110824495503195,200.6872999390252,-4.163337758109724,pink
316,-38.122267617329264,189.33895420782213,-6.39578882750481,pink
317,-15.49227691915409,177.69950263002787,-6.053058694843448,pink
318,-9.483136146731308,126.94232108175765,-7.111795080149324,pink
319,33.543831889319186,77.29597976412022,-125.59298710483996,pink
320,18.71887331300844,29.432559610431362,-21.89034383160339,pink
321,-99.79370041934823,317.82408257908503,-8.09160946322035,red
322,-96.59084147351953,318.1714761041228,-9.36001774989182,red
323,-96.36953500325293,316.3239811616573,-7.089254014232401,red
324,-101.68412562571312,268.85255919685693,-12.838372817316325,red
325,-101.5260865946235,266.4473659679661,-12.686292020634472,red
326,-37.08290889817705,198.42792022354013,-3.246050372114171,red
327,-38.563829219087424,168.2418668645387,-5.927291278715985,red
328,-16.44124850164692,175.1851573088679,-4.637796804200089,red
329,-10.633742430959146,123.98924932103799,-5.2792870866197905,red
330,14.207366428670145,148.1859039927661,-0.7688165442726392,red
331,-11.62940768867661,69.02560288463621,-3.8645757167548123,red
332,-94.02314248063857,318.8278394101287,-11.58030965447394,orange
333,-80.83698799846776,299.6694900319,-13.974418000305514,orange
334,-34.50612216337467,202.3607897888644,-9.257902318480035,orange
335,-36.72365968864934,191.37096478138707,-11.439370716622092,orange
336,-37.405148068949,170.88297043457837,-7.151895347683186,orange
337,-14.791671292071227,178.57267642553322,-7.970126866540085,orange
338,-9.160325195102935,127.89003682489395,-8.745049716187461,orange
339,-92.93735467010609,319.44397218215386,-13.469210470091754,yellow
340,-102.61650678333686,267.65884599986333,-14.665624790509282,yellow
341,-99.16414325689853,269.1975487368313,-16.344898633266133,yellow
342,-100.1277555106878,265.57186513785206,-13.288657245110915,yellow
343,-80.31012706488137,300.03035007903094,-15.108916320483315,yellow
344,-35.16492671595778,202.17626108591907,-7.531829803528344,yellow
345,-13.86341999550107,179.86328702144837,-10.774369317957513,yellow
346,-10.931581614575874,154.74990776231905,-8.017008455488869,yellow
347,-8.87253986639619,128.69212400988948,-9.910450417471074,yellow
348,15.995883174885105,152.65432575831827,-5.689268323404859,yellow
349,-100.54122422797892,271.2286062132473,-14.248263028486454,purple
350,-99.88345493780608,268.31319008239456,-15.002848280183455,purple
351,-80.50196466538837,299.7084898829299,-15.492663359090393,purple
352,-35.11452962835002,202.00876204374225,-8.58636904848011,purple
353,-32.04828283084318,189.58582401478188,-8.139133075691648,purple
354,-11.409735969154813,153.42160210176377,-6.3040096856343775,purple
355,-9.0154412768539,127.73306356606051,-9.313283286011412,purple
356,-11.71698320364017,47.12884221597341,-8.242787503387879,purple
357,-100.01248909412595,315.2492544702186,-9.128419477376033,green
358,-100.78872931755555,267.21267297389795,-12.104420009676062,green
359,-81.85123142556245,298.41807369998725,-11.264160748197853,green
360,-15.759341622149114,176.18979413210207,-3.6822124363352584,green
361,-11.654092016827306,152.54480895883842,-5.045550816213048,green
362,-9.986901181962624,125.21102764957705,-4.369752537489201,green
363,15.017058401825294,149.5941994065225,-0.648946150908606,green
364,-12.039257547990141,45.61187620762668,-5.741328193262914,green
365,14.721329001767765,124.36477966356188,-1.9371297556972447,green
366,-101.80167605007601,270.38010966051064,-11.443322628288882,blue
367,-100.7120209990816,267.04502851338,-12.846540981847117,blue
368,-101.05489786915322,264.241207679585,-10.976048552381322,blue
369,-81.59378324746291,298.46209919471306,-12.035291571178396,blue
370,-36.2805119857379,199.31762925994067,-3.78022865139183,blue
371,-32.85307535262511,187.89236966805666,-5.379700613221378,blue
372,-15.929588923227797,176.0838260744459,-4.543028174396652,blue
373,14.462148924179164,124.02412574996987,-2.2788418564983925,blue
374,-102.50383199321227,268.9482570602116,-8.432709327728574,grey
375,-103.99868815267634,264.76967305678954,-10.506909632104504,grey
376,-100.8058723556344,266.173559590812,-11.262915971428704,grey
377,-101.11680273995609,262.9013535675333,-10.781927698465065,grey
378,-36.11334180886423,199.5964379528878,-4.662608311809581,grey
379,-39.08462815821183,186.89399157816425,-3.247037794800017,grey
380,-33.265499690984065,186.9970487842103,-3.7180709965931142,grey
381,-16.0229864728243,175.6075588359898,-3.9464806684347047,grey
382,-10.154427866887808,125.00008138134721,-5.5162501080366635,grey
383,14.766797725824643,149.11771517445234,-1.3017817444506947,grey
384,-95.4384308566646,313.39266597591075,-10.202673299312954,pink
385,-100.9902094958369,266.6562124617344,-10.879255089238795,pink
386,-82.45423319784625,297.2741236543699,-8.25247595237904,pink
387,-36.172840104501255,199.9397232423628,-4.4585217391844365,pink
388,-33.062258068019254,187.35951620993035,-4.155577478353012,pink
389,-38.47192014898264,167.93766013658998,-3.3521676031794274,pink
390,-10.42862168668471,124.42372596614395,-3.8169589582904777,pink
391,-13.31195789951411,-11.477899934794273,-1.4762544153268766,pink
392,-13.022112179325482,-41.10160147621312,-3.5772246128396086,pink
393,-95.65922031992068,313.13901697486426,-10.518581953071825,red
394,-103.99022712677511,265.2685123044546,-11.189849764306821,red
395,-100.79613399964975,266.54226619470046,-11.854553118757698,red
396,-101.42735733826729,263.10576373062355,-10.35126437995699,red
397,-35.837970217603214,199.9289087133549,-5.798937831597456,red
398,-16.17778739501787,175.43138117326336,-3.1806837283517444,red
399,-10.308371810542425,124.68674491230517,-4.692353742723524,red
400,-99.30224594965402,268.1107299823689,-15.669860181466156,orange
401,-100.09422064364405,264.21567176644106,-13.793688640404683,orange
402,-80.85726753877951,298.9444762762223,-13.518769601465166,orange
403,-35.762332658673635,200.3617551943051,-5.98460947894188,orange
404,-15.724320201159104,176.64338812191582,-5.443632889922312,orange
405,-11.679217533182019,152.9585341083378,-6.43284544975956,orange
406,-9.757166615403204,18.294389038193216,-5.420079960776344,orange
407,-12.964946745662514,-9.992722945728078,-3.4153684215422446,orange
408,-95.32996419063723,313.3524582375465,-10.758601718251125,yellow
409,-100.65540307491887,266.86909055708946,-12.097504171324113,yellow
410,-35.87734135712616,200.3961654187831,-5.816077930261577,yellow
411,-15.673855157292888,175.66495560401586,-3.911772578679176,yellow
412,-12.153241975024205,151.55873333768005,-3.818788605231241,yellow
413,-13.1601204417791,-11.184443815645412,-1.527750090269547,yellow
414,-13.491281200539762,-42.30894179859734,-1.3151525943162872,yellow
415,-100.91307465093298,269.58459454561796,-15.161865488250333,purple
416,-101.51604799445589,266.3706427533316,-12.47068841833787,purple
417,-83.37543457940701,297.50270859436813,-9.21808230644321,purple
418,-36.29062261895359,199.45558246438924,-6.395024785729699,purple
419,-38.931821793026316,187.25320228509514,-6.036961417111289,purple
420,-38.55689269036076,168.06038358085686,-5.979807090349469,purple
421,-16.23004649037004,175.4635411059517,-5.481540204734056,purple
422,-10.337090697802616,124.54372348022626,-6.478096179427177,purple
423,-11.774909863255829,68.6591593493094,-3.236426597099577,purple
424,-98.08504050961155,315.73819487566385,-11.730705256621365,green
425,-94.29275436158923,317.3257231862235,-9.450080071206074,green
426,-101.04889067926908,269.0262862377705,-10.755984098821191,green
427,-100.42536329015073,267.0510357811714,-12.033218186768625,green
428,-81.94010299752631,297.85652414369537,-9.3650570386214,green
429,-36.79730820506111,199.00038870777158,-1.4715707181316322,green
430,-32.84210737235095,187.37618959391162,-3.650157369722101,green
431,-12.198743516338844,151.4563327057047,-3.0924301140217416,green
432,-102.89574304374395,277.17410232234664,-12.862306084911728,blue
433,-101.02851328232617,266.40256540515765,-10.96069004362884,blue
434,-82.42401151434451,297.30349351333814,-8.661033356510329,blue
435,-35.49184423836166,200.3007899508133,-6.625346744114785,blue
436,-16.14209441956634,175.37336316513478,-3.213985417196798,blue
437,-21.985528261287993,140.49197055284608,-2.7903122639833438,blue
438,-10.318693701789313,124.58233562005739,-4.614794027040438,blue
439,-94.71879024451806,316.6201682881008,-9.024947045422138,grey
440,-106.37164693788172,273.3634707352233,-3.059279558606806,grey
441,-103.80021262471617,265.0399095488414,-11.423956598732017,grey
442,-100.650442171553,266.45019146015306,-12.224582956493194,grey
443,-101.17278554589369,262.99599557984345,-10.708594071490575,grey
444,-36.164839024335926,199.4046008497411,-4.779918297216544,grey
445,-10.244822236528856,124.68533628869544,-5.673434414303187,grey
446,-10.161601668363803,17.116706292976534,-4.423447736548512,grey
447,-13.120859159047608,-10.980257576509175,-3.1912474921276215,grey
448,-197.70540821822217,200.30376044255198,-18.222433001641683,pink
449,-98.76670842396783,314.7202723359397,-10.911883161031449,pink
450,-94.69607386795498,316.6213187655108,-8.669287606013844,pink
451,-100.09719322963294,266.8890127163782,-13.241972638479625,pink
452,-36.56873082320458,199.26887469750633,-3.7761005531952847,pink
453,-15.76938195474081,175.96462834488372,-5.733224327444232,pink
454,-21.711591079978962,141.27829227836872,-5.338500108469572,pink
455,-10.239867036198078,125.02804476647071,-6.585434114279623,pink
456,-16.72759644645257,173.1895280777494,-0.5425463263327152,red
457,-13.05420321953212,148.8718406814062,-0.28728558793628994,red
458,-11.155628303672376,122.15662807169045,-1.8441591390819272,red
459,-12.017883866913623,67.37077223194063,-1.1267694156418397,red
460,-95.43962498540544,315.9451567936503,-6.384495411315507,orange
461,-102.11011243083766,265.0962583259256,-7.873885266015134,orange
462,-36.61432831528453,198.30677899137308,-2.4773982318185306,orange
463,-10.77198098723555,123.09667948170855,-2.6982116656590676,orange
464,-11.7634846699667,68.50505750969332,-2.1491725513438182,orange
465,-105.17818115166502,262.78218969443367,-6.811951893022724,yellow
466,-102.04987043289007,264.2685305348998,-7.728036327809094,yellow
467,-37.058321134176715,197.18022719942172,-1.0828394948600415,yellow
468,-38.564625489858045,186.49561858192794,-5.099239445079815,yellow
469,-21.598785665117923,157.21938139532764,-1.2778699712189059,yellow
470,-11.224478744463845,122.06626411666689,-1.5582676925086516,yellow
471,-95.81686402501215,314.95371734152855,-5.375482710158416,purple
472,-96.58866330816812,311.1682785398952,-6.671147812191668,purple
473,-105.13228695622529,262.87614780499825,-7.264912271372334,purple
474,-101.90098012327431,267.8712650225562,-9.637126630118617,purple
475,-101.97923558428546,264.32306063870266,-7.954473002901995,purple
476,-102.09595206522776,261.3221749207819,-7.339521428919729,purple
477,-37.117085130612665,196.95875862661077,-0.9260851815878353,purple
478,-11.34099670048822,121.67005202491916,-1.0457783357577517,purple
479,-101.17300009617003,268.0889584895221,-11.341615995083844,green
480,-37.27974298055505,196.8605870755978,-0.7299849161962754,green
481,-16.875529683215465,172.97723979278112,-0.5735524599684881,green
482,-10.569543426649947,123.5849799398471,-5.3665207932757495,green
483,-10.495188019179002,15.038293755687308,-3.5476916926476183,green
484,-104.12669440513467,263.2409901685039,-10.045682365613409,blue
485,-102.1250604461837,267.0788381602465,-8.929055366603565,blue
486,-101.57590166444835,261.0571719769038,-9.274710669451977,blue
487,-36.25924666717211,198.19546653690298,-5.134178085602108,blue
488,-38.82564914087765,185.63439109018907,-4.34433081930982,blue
489,-38.082478037979534,166.21830007340745,-5.252964471789651,blue
490,-16.849842332749343,172.83560776119756,-1.0437516066934822,blue
491,-10.831544124713256,122.76873207353445,-4.253139196181222,blue
492,-101.94271321273949,266.0092553733491,-10.76557767428781,grey
493,-83.37668573093562,297.3558296670717,-8.853319298361233,grey
494,-36.89701978633427,198.88371819027867,-4.223567987756372,grey
495,-16.137484815494172,175.56932101113898,-5.57987241126234,grey
496,-10.486457486796708,124.2407059496125,-5.709891329420213,grey
497,14.164469988773261,148.02162153630363,-0.3569717387719255,grey
498,-11.600021475088141,69.00799896136749,-3.7746433240737036,grey
499,-104.31666892955239,262.91567699164386,-9.250970552725276,pink
500,-101.29587845136645,264.0952985748316,-9.71656485104268,pink
501,-36.60311519191108,197.55145359599845,-3.9684784446716854,pink
502,-33.96961486104443,184.39186550985937,-1.424866531180038,pink
503,-13.711128728186026,94.64349883338433,-3.277380112164883,pink
504,-102.0307507078664,263.6899272252144,-5.888969054584446,red
505,-11.10214069110492,121.6515823715098,-0.9399757525506488,red
506,-101.84983557617188,263.93660057291174,-6.590398612145263,orange
507,-11.346020819102172,121.21055128173077,-0.0681143403950131,orange
508,-103.16148413613548,266.26154952426384,-4.144340401102137,yellow
509,-102.72159602418611,262.75914569116287,-3.9448573156576576,yellow
510,-102.70131445910478,259.99695331533815,-3.581781767062785,yellow
511,-11.117034510206027,121.31244390816909,-0.6974504391418278,yellow
512,-105.0840568700662,262.4213306681205,-5.312148081682895,purple
513,-103.37188331811737,265.8198833596138,-3.3123199052715933,purple
514,-102.66862061445272,263.2253620618051,-4.4607329721157924,purple
515,-127.08544515465918,194.18547425992926,-4.187800622066588,purple
516,-38.751763803294416,164.7092728071138,-0.21657512931122222,purple
517,-11.218449190964476,121.4993704528982,-0.632095808121614,purple
518,-105.9060390611324,260.9287056195754,-2.984652354558117,green
519,-101.7003629360555,263.255800909601,-6.190000169685822,green
520,-186.47675960468055,178.5526568333849,-332.0473618146263,blue
521,-36.83357946509413,196.91247788703427,-1.2185605180840273,blue
522,-39.13096184830086,184.38108867589418,-1.2479518401861671,blue
523,-12.796628848925277,148.3490973487602,-0.39153693229976444,blue
524,-11.083950200334296,122.0703260409522,-2.602964232229861,blue
525,-36.33382664154585,196.92776163548325,-2.3794460821631747,grey
526,-38.09779920031747,166.1017557649649,-2.8487928898253396,grey
527,-11.210057797837829,121.42900777348882,-1.649898440396857,grey
528,-13.257132929014247,-44.76050706388461,-1.8046427729791323,grey
529,-35.77886059324116,197.63333520262245,-6.438054446145132,pink
530,-38.9987348302621,184.62641899819758,-4.368255244817419,pink
531,-16.43119395281638,172.91505702084706,-3.684932797143516,pink
532,-12.43861139341768,149.38391640517946,-4.96241218771765,pink
533,-10.183314487851291,124.07825771387817,-9.105860448365982,pink
534,14.68453378275449,147.92829767942973,-4.308919997132694,pink
535,-182.31495246501095,175.9084269458748,-332.13648878269635,red
536,-36.57072235204693,196.6237583721218,-1.8833467004469144,red
537,-12.635024166148304,148.27043276434583,-0.9712773780025076,red
538,-10.869323295776233,122.0602454554453,-3.2957230139308438,red
539,-7.249604102419805,24.179229170625913,-18.92813078660117,red
540,-96.33844348027397,316.2686673735093,-5.164890197615546,orange
541,-102.62310338851718,262.38495114075874,-9.44734639567698,orange
542,-83.0906133827015,297.6801975994798,-9.850394019248744,orange
543,-36.43099524986464,199.38273114543,-5.783780915578434,orange
544,-38.96295287839551,187.3926478864674,-6.202804339354628,orange
545,-10.447550490091377,124.2074472025718,-5.7032664233622885,orange
546,-11.621478575241984,68.97780976658817,-3.7247377887125457,orange
547,-187.1648966005383,177.9591512993846,-328.4489572576774,purple
548,-182.7911479630442,175.30788344765017,-330.6173176658361,purple
549,-104.67535700232234,132.56532381687654,-329.60634142084524,blue
550,-81.29832531555896,176.00263715938655,-332.67460673985715,blue
551,-188.91617590980727,175.475348464235,-326.6124809496889,grey
552,-184.45882702833333,172.82423465589827,-328.785324880781,grey
553,-96.60566457712737,196.47061349720602,-273.18952060070217,pink
554,-82.6603815757177,175.33741836706943,-330.87207133708057,pink
555,-187.3809651272945,177.87177614292438,-325.8190385677786,red
556,-182.92934875442126,175.1181888625091,-327.69682224846053,red
557,-82.01387392318185,175.22014935806675,-329.85650725538653,red
558,-186.31370218429092,179.68651244934722,-327.4480293057024,orange
559,-183.1785510706966,175.98724103395796,-328.00155158717257,orange
560,-81.53761133475675,176.73606103369298,-330.83766939258777,orange
561,-183.63296820930023,183.05813414009717,-330.8549530047444,yellow
562,-100.82099422594692,259.8877751545559,-3.8600480849857934,yellow
563,-16.159741608786394,173.21078454020454,-2.1659657709521505,yellow
564,-12.454339977965128,148.2763321515608,-0.22118739463591014,yellow
565,-10.782738480427675,121.82897910059472,-2.230690727922411,yellow
566,-185.44823176832182,179.52041595939568,-327.8227696163724,purple
567,-182.91868173360592,175.20819330163422,-327.43309489954197,purple
568,-65.91186301504993,163.2491449542906,-331.1485721300462,purple
569,-105.2174773222851,264.6026761529168,-10.29668125080742,green
570,-102.01427362977158,269.22535126038247,-12.313874763786975,green
571,-101.71930526875705,266.30761985352467,-11.960006259113836,green
572,-82.97011092084055,297.58674291906675,-10.13915618865376,green
573,-36.982090143375615,198.67877579845407,-3.924633726027399,green
574,-38.74594228293414,188.01801857101808,-7.605969947360836,green
575,-17.098326153300523,174.4361224422029,-2.752662319733509,green
576,-10.592959135259319,124.09622638172327,-5.394564858043672,green
577,14.270042309603062,148.2774151887543,-0.9809795973167081,green
578,-11.575723873553246,69.06667754900049,-3.8674243875898333,green
579,-186.82522068715195,177.88450722756832,-326.32017710627224,blue
580,-183.8458143427065,174.01848297485498,-326.5295790181246,blue
581,-82.11866212684195,175.05972572540935,-330.15779439410926,blue
582,-101.7474881747967,257.45016139468817,-1.8843883277115976,grey
583,-38.591081058411305,183.081297476591,-0.25805060632681204,grey
584,-10.887920970763966,120.88084272233408,-1.4567481174607961,grey
585,-12.111908341036093,65.9686612059792,-0.47382686115395745,grey
586,16.668823058159095,87.97803054950961,-128.05033340143066,grey
587,-167.5495105731737,159.87913023063726,-327.1257677859472,pink
588,-82.23409753956705,175.94364025035247,-328.286121979641,pink
589,-179.15734175395997,179.55230262975596,-329.6252909442814,orange
590,-130.34537066047375,117.76891723178385,-330.8423285289269,orange
591,-181.13078639140554,177.97657878722393,-325.3013723572495,purple
592,-166.1539805493402,162.0994723132149,-325.8639248758083,purple
593,-96.10618378154388,316.3654781578781,-7.35106101884447,green
594,-105.4949463655152,264.37834089340475,-9.448537692955323,green
595,-83.39739951336747,297.5734501268213,-9.154916869829382,green
596,14.010398154368728,148.02127019172573,0.25226979711647,green
597,-12.307233563729687,68.12410334441022,-2.2367186030925224,green
598,-101.59177532042062,266.29846087936033,-12.054048373073492,green
599,-83.43594211027356,297.39928007476607,-9.082768499295188,green
600,-36.47310353817485,199.534125918744,-6.084988633872911,green
601,-33.894011838687646,186.3515953724084,-3.767743305573311,green
602,-38.291616371671054,168.6806124794695,-6.845918892855269,green
603,-11.191905240223347,123.16938629250986,-3.416113341981584,green
604,-11.800323047356235,68.69593849120491,-3.308623807093558,green
605,-99.79370041934823,317.82408257908503,-8.09160946322035,green
606,-96.59084147351953,318.1714761041228,-9.36001774989182,green
607,-96.36953500325293,316.3239811616573,-7.089254014232401,green
608,-101.68412562571312,268.85255919685693,-12.838372817316325,green
609,-101.5260865946235,266.4473659679661,-12.686292020634472,green
610,-37.08290889817705,198.42792022354013,-3.246050372114171,green
611,-38.563829219087424,168.2418668645387,-5.927291278715985,green
612,-16.44124850164692,175.1851573088679,-4.637796804200089,green
613,-10.633742430959146,123.98924932103799,-5.2792870866197905,green
614,14.207366428670145,148.1859039927661,-0.7688165442726392,green
615,-11.62940768867661,69.02560288463621,-3.8645757167548123,green
616,-200.4879646677852,198.14653123127803,-12.820046787822324,green
617,-100.91307465093298,269.58459454561796,-15.161865488250333,green
618,-101.51604799445589,266.3706427533316,-12.47068841833787,green
619,-83.37543457940701,297.50270859436813,-9.21808230644321,green
620,-36.29062261895359,199.45558246438924,-6.395024785729699,green
621,-38.931821793026316,187.25320228509514,-6.036961417111289,green
622,-38.55689269036076,168.06038358085686,-5.979807090349469,green
623,-16.23004649037004,175.4635411059517,-5.481540204734056,green
624,-10.337090697802616,124.54372348022626,-6.478096179427177,green
625,-11.774909863255829,68.6591593493094,-3.236426597099577,green
626,-101.94271321273949,266.0092553733491,-10.76557767428781,green
627,-83.37668573093562,297.3558296670717,-8.853319298361233,green
628,-36.89701978633427,198.88371819027867,-4.223567987756372,green
629,-16.137484815494172,175.56932101113898,-5.57987241126234,green
630,-10.486457486796708,124.2407059496125,-5.709891329420213,green
631,14.164469988773261,148.02162153630363,-0.3569717387719255,green
632,-11.600021475088141,69.00799896136749,-3.7746433240737036,green
633,-199.14661536415574,199.45731484744604,-16.357838554826543,green
634,-96.33844348027397,316.2686673735093,-5.164890197615546,green
635,-102.62310338851718,262.38495114075874,-9.44734639567698,green
636,-83.0906133827015,297.6801975994798,-9.850394019248744,green
637,-36.43099524986464,199.38273114543,-5.783780915578434,green
638,-38.96295287839551,187.3926478864674,-6.202804339354628,green
639,-10.447550490091377,124.2074472025718,-5.7032664233622885,green
640,-11.621478575241984,68.97780976658817,-3.7247377887125457,green
641,-187.09903653555486,192.98283298838845,-140.64261653525944,green
642,-105.2174773222851,264.6026761529168,-10.29668125080742,green
643,-102.01427362977158,269.22535126038247,-12.313874763786975,green
644,-101.71930526875705,266.30761985352467,-11.960006259113836,green
645,-82.97011092084055,297.58674291906675,-10.13915618865376,green
646,-36.982090143375615,198.67877579845407,-3.924633726027399,green
647,-38.74594228293414,188.01801857101808,-7.605969947360836,green
648,-17.098326153300523,174.4361224422029,-2.752662319733509,green
649,-10.592959135259319,124.09622638172327,-5.394564858043672,green
650,14.270042309603062,148.2774151887543,-0.9809795973167081,green
651,-11.575723873553246,69.06667754900049,-3.8674243875898333,green
652,-199.7686036785058,199.15948337477136,-15.792912112952306,green
653,-99.75111230149481,317.8795399564925,-8.18404648983621,green
654,-95.20795984769643,316.9542237936875,-10.153972318120564,green
655,-101.69709174155905,266.2848071290807,-12.019199681139867,green
656,-83.14207070159303,297.6529313994423,-9.646755551656435,green
657,-36.04333189258429,199.62627039714198,-6.986624919544153,green
658,-38.460688769703566,168.34126118429748,-6.19734147644065,green
659,-10.453493098726616,124.29414538055978,-5.8387002864326645,green
660,14.252940016759688,148.31183994611078,-1.0527624713948043,green
661,-11.72573709812302,68.81933654608339,-3.3875588631822917,green
662,-105.50897765229256,264.3825498657179,-9.667921508063797,green
663,-102.1664931016459,268.84781443655163,-11.851709633561319,green
664,-37.494585399171235,197.60575607734674,-1.5055418303658061,green
665,-10.555246121672196,124.21670758296125,-5.776190890066858,green
666,14.29705266432254,148.24079502548273,-1.052148618706202,green
667,-11.603571408769147,69.02217586025186,-3.8798221701981004,green
668,-95.60220769474103,316.65719024363364,-8.05195400692395,green
669,-83.11603781703802,297.59896264926573,-9.61626501525898,green
670,-36.21692203126484,199.59725626522496,-6.494037132730181,green
671,-16.680980409889283,174.9138489122732,-3.98268319740063,green
672,-10.434099796336323,124.31416219987044,-5.83799890109477,green
673,-23.032316737790453,55.095758772976744,-8.225861137591536,green
674,14.296644276976398,148.25073911940686,-0.9602497472877881,green
675,-11.617609858064467,68.9732387563245,-3.7002584502045806,green
676,-200.05170521549974,199.03492072450032,-15.313850439879793,green
677,-101.27959872524791,266.6627331567092,-13.010847608687705,green
678,-102.33138855625106,262.67895276171447,-10.159531795592336,green
679,-82.83204641361814,297.67556218843004,-10.353974389470924,green
680,-37.07714915282823,198.11415870308335,-3.112092060129728,green
681,-39.166906003728414,187.29802107063946,-5.644755950738368,green
682,-10.502818903554344,124.15212408226199,-5.474380129553182,green
683,14.334550975281244,148.41250909685388,-1.1880339434879434,green
684,-11.745553471271634,68.5596217690896,-2.923033899036371,green
685,-96.58292732884442,316.13417633340464,-6.604627079922275,green
686,-102.54854648383196,268.9153674732518,-10.998855336038933,green
687,-101.90071581898846,266.2158965368519,-11.840790272396545,green
688,-102.34797616604799,262.75037328109806,-10.356958680142382,green
689,-37.54689691760888,197.68732400609113,-1.4666290505497344,green
690,-33.55858667304998,186.79742208187824,-4.802559121687748,green
691,-38.44103730075958,168.54176976354748,-6.351150170301654,green
692,-17.22813000048795,174.26175166774627,-2.2749275238079543,green
693,-10.456925388190072,124.37332020401408,-6.060604835583044,green
694,-13.598869369766165,95.96474287478284,-4.141015175657018,green
695,14.195295414311431,148.18921742464397,-0.7763651259376564,green
696,-11.679231411995426,68.979780110461,-3.754617268347405,green
697,-96.28505247762018,316.28467856407775,-7.2198344968118935,green
698,-102.68083314094577,268.29669240362153,-10.221244639832674,green
699,-36.1169060410609,199.55447174842584,-6.656321705746837,green
700,-16.666901240566624,174.84755884234917,-3.8593519494283566,green
701,-10.55870257059155,124.03434061714056,-5.344085296654907,green
702,-11.643323090491304,68.87036919189667,-3.6257737169525304,green
703,-105.60177993937688,264.2052490856242,-9.546611082787352,green
704,-101.93138988492484,266.0496822482234,-11.80731893129203,green
705,-102.53939685896172,262.36557301693625,-10.20275555944361,green
706,-36.861895226779026,198.79178686305906,-4.455067390659121,green
707,-39.35408637390232,186.88339622971534,-5.2092716224358355,green
708,-11.10496608641655,123.30903215954706,-3.9645752986462437,green
709,-96.87574253425935,315.9675651714506,-5.835815321147302,green
710,-104.38156246631837,268.05826522325816,-6.413629670485417,green
711,-36.84710401046794,198.62611354223594,-4.251194377415259,green
712,-38.515978405108164,187.94899595737814,-7.951631129669467,green
713,-10.96687445880792,123.51295125674181,-4.367394745061545,green
714,-94.94721461376213,317.1095482114532,-10.463957484206931,green
715,-95.64513624383754,306.6465839869324,-8.02415220611133,green
716,-105.7021757587178,264.151747894371,-9.184104233976953,green
717,-101.68298386012674,266.24313664420447,-11.840833480849405,green
718,-37.54698103237478,197.93636753146646,-1.9245814673840886,green
719,-38.695018083052766,187.46096029561238,-6.496147371665038,green
720,-16.52751937087639,175.02217925072574,-4.4872204116561,green
721,-10.99362502932974,123.42563883010398,-4.081464922851056,green
722,14.246016966836285,148.18344424476592,-0.8390374832616775,green
723,-11.780644206288189,68.58947854670906,-3.156656100991677,green
724,-96.40792532950391,316.17346808857474,-7.4171455598684854,green
725,-104.21593137542983,268.19937417773775,-6.991573035568745,green
726,-37.302484394273876,198.20442090239422,-2.9576045963179634,green
727,-33.607954808257944,186.73001885135196,-4.745331017951345,green
728,-16.251713314293887,175.35927842335892,-5.2754378509302455,green
729,-10.954930356626036,123.73199086771942,-4.691884011425718,green
730,-157.2194613391887,334.77725700732674,-3.869951887500807,green
731,-95.78989845870875,316.4800206638775,-8.187752913841093,green
732,-52.816233778939015,335.4732491100779,-171.15956499044216,green
733,-104.04550624190922,268.6748148506451,-7.790950289299755,green
734,-105.62855365930419,264.09995998672525,-9.670762183488922,green
735,-101.74202446638246,266.17906845608013,-11.855126754355508,green
736,-36.696057411929466,199.14839775330464,-5.325186945242727,green
737,-39.576317647211816,186.9443849628343,-5.275607786525962,green
738,-10.642472248069938,123.9271792320784,-5.322744850840925,green
739,14.12079520489809,147.92386615747665,-0.4279375521598671,green
740,-11.665021492626103,68.87111078420145,-3.803314337415092,green
741,-95.65298372117898,316.5690933911534,-8.31618323621831,green
742,-101.76915843944245,266.1180085417678,-11.815104359408128,green
743,-36.81875724941508,199.08121763365457,-4.89593597058974,green
744,-33.30197684235669,187.03367693765207,-5.660015810911137,green
745,-38.59470597980811,167.8827955253221,-5.657565970384809,green
746,-10.842324709253035,123.6928727167241,-4.740463403553613,green
747,-95.18213335268818,317.06316358584405,-9.770615873916368,green
748,-104.9739651605228,264.9589506974135,-10.769133346710586,green
749,-101.80525176089515,266.2106516205398,-11.411807891360565,green
750,-102.28884357489184,262.94949149963514,-10.653991623949858,green
751,-83.07351776593418,297.58057589816343,-10.022361446249105,green
752,3.9292365064076358,323.05432194079924,-319.32698966367514,green
753,-36.762354289561046,199.4284610931622,-5.2769375516697865,green
754,-10.601999158531287,124.3087565984027,-5.477190372774636,green
755,13.92149234930323,95.94536399022887,-1.7829737697801404,green
756,14.024449050326307,14.887049629042187,-1.6240714613243032,green
757,-200.38293395777,198.9760692967238,-13.774387448934371,green
758,-100.96081197551337,266.95017461020234,-12.967773887473252,green
759,-82.87793732804928,297.6672358766769,-9.873938388157642,green
760,-36.0920908333346,200.37689574179845,-6.799955877189646,green
761,-37.98634609014251,188.95210498376832,-9.01139322343213,green
762,-12.335027694561052,151.3877372531467,-4.085172300192281,green
763,-10.343603676885952,124.77446049005646,-5.746126922316053,green
764,-11.616510660313764,69.38976468008154,-3.4723717932015568,green
765,-99.14385495263193,318.71747213376716,-9.355491209301244,green
766,-104.30115042681015,265.85536918808896,-12.350422778624043,green
767,-101.43397609555534,270.2167341797229,-13.532424469662747,green
768,-101.42487951822143,266.9180419826381,-12.023037971518148,green
769,-82.66534584154404,297.87076661314165,-10.719501154362764,green
770,-36.360654618634406,200.02188719594008,-5.507128736603285,green
771,-38.174693375462454,188.6230623385448,-7.773933708444591,green
772,-12.059505032461006,151.99697004181203,-5.2511760775777665,green
773,-10.271059707485877,125.23769901698701,-6.1425211186835496,green
774,-98.63141696776437,319.06569165363805,-10.410974295354517,green
775,-94.37089187143876,317.99247650692075,-11.408751373869766,green
776,-104.04252723703526,265.9958634976479,-12.284186458269058,green
777,-102.21296494927564,270.1357048183921,-11.312717609410232,green
778,-101.0041819506171,267.3547123931575,-12.963379724190194,green
779,-82.8301429558422,297.9820138273204,-9.690271801249333,green
780,-36.63606257734325,199.39087347419476,-3.3637395177965748,green
781,-15.944775840990754,176.00832608304634,-4.324192223371535,green
782,-11.839519432784716,152.22078469204897,-5.2624494287633885,green
783,-9.873768583271614,125.87828819826814,-6.884207063691149,green
784,15.009965360936908,149.95844014989467,-2.639498815355691,green
785,-103.76851508360969,269.8089323309267,-7.1469027570877515,green
786,-104.0850201592314,266.1627030032645,-12.134846583215117,green
787,-101.56831847735214,267.08757146587976,-10.996148841131523,green
788,-101.1271730734317,264.53532324445246,-11.752390180328211,green
789,-82.81230739115964,298.11305479177537,-9.345045591287173,green
790,-35.561981735238994,200.90216824072007,-6.916318162467046,green
791,-38.61027562870859,188.7000656940824,-6.110000544906287,green
792,-32.67195615214433,188.7295451053625,-6.629283368204232,green
793,-15.965281141026376,176.51384799799044,-4.6441874282170374,green
794,-11.439390236565709,153.16598171620035,-6.459223615282175,green
795,-9.799609238711502,126.32719171173912,-7.079682886888088,green
796,15.344126502223386,150.88706357033305,-3.9222347192167617,green
797,15.992294076974293,21.412053033027608,-9.798748867156329,green
798,-100.85245763966823,271.2213909715709,-13.969257544853596,green
799,-99.96449474603196,268.3277490132641,-14.880718213317548,green
800,-81.45732540515498,299.00954073727286,-12.84191714847251,green
801,-36.12768215710659,200.44387750606194,-4.773409687361873,green
802,-15.957314151714744,176.36062277281843,-3.7830985886020625,green
803,-9.61781054972402,126.68518744397194,-7.417114617796724,green
804,16.562468279283465,23.1863880552804,-12.366250465030827,green
805,-199.7506688277432,199.94718004136075,-14.03725133852781,green
806,-103.06204456953004,266.9221942435632,-15.178591338787717,green
807,-99.84814676731918,268.53528533643185,-16.374490545428387,green
808,-100.27849096042407,264.8925394953677,-15.130630158675327,green
809,-81.17187085990706,299.70582066389557,-14.887283020941892,green
810,-25.03102889641965,320.33061563143974,-15.561033223413403,green
811,-36.09266367191268,201.27120800845742,-6.148631476726691,green
812,-15.263729354884788,178.05154422620666,-7.718183522661099,green
813,-10.980147377129343,155.07332027614765,-10.030191857101979,green
814,15.41758637661596,127.41086323837386,-7.7951310741990465,green
815,-102.06119757987686,268.0773178285689,-17.262364929112717,green
816,-98.7150778621323,269.56906584743325,-18.35232990387332,green
817,-99.47439283761545,265.88611764200346,-16.350440535479542,green
818,-80.13633895074034,300.7774872185513,-16.848837161135126,green
819,-35.82859602576287,201.69741334365648,-6.52092292837572,green
820,-10.563902311175024,156.08520428283714,-11.584474001850497,green
821,-5.947310911508837,30.315881011748985,-23.068808981719307,green
822,-96.02365139567617,321.2469386690797,-16.201784483026128,green
823,-91.75935546948928,320.24007630462114,-16.683929650486142,green
824,-101.97341636040979,268.3287809428611,-17.30380423006174,green
825,-99.08861215301876,269.4792068657196,-17.064603932884644,green
826,-99.19845629745778,266.34378948193915,-16.87370794005596,green
827,-33.358887983837015,204.3032610136648,-14.400633529021537,green
828,-14.206956602752287,179.9668675425493,-11.244795271211668,green
829,-10.333552451226387,156.01533009984055,-11.249511476610198,green
830,-8.3210085952075,130.25247672296757,-13.722334852588912,green
831,-5.8068242366357286,11.28145034339661,-34.057952837197014,green
832,42.12406844697532,-5.22446935537477,-10.679210697026774,green
833,-198.38620299982168,201.26602769009094,-16.56026498050051,green
834,-95.08291668521542,318.07804414737603,-9.104414866031131,green
835,-100.38743673958156,268.0923337054894,-12.757885831174281,green
836,-81.42498029200517,299.2173488233305,-11.916942158526252,green
837,-36.110824495503195,200.6872999390252,-4.163337758109724,green
838,-38.122267617329264,189.33895420782213,-6.39578882750481,green
839,-15.49227691915409,177.69950263002787,-6.053058694843448,green
840,-9.483136146731308,126.94232108175765,-7.111795080149324,green
841,33.543831889319186,77.29597976412022,-125.59298710483996,green
842,18.71887331300844,29.432559610431362,-21.89034383160339,green
843,-94.02314248063857,318.8278394101287,-11.58030965447394,green
844,-80.83698799846776,299.6694900319,-13.974418000305514,green
845,-34.50612216337467,202.3607897888644,-9.257902318480035,green
846,-36.72365968864934,191.37096478138707,-11.439370716622092,green
847,-37.405148068949,170.88297043457837,-7.151895347683186,green
848,-14.791671292071227,178.57267642553322,-7.970126866540085,green
849,-9.160325195102935,127.89003682489395,-8.745049716187461,green
850,-194.9320638975562,203.74636710215273,-22.32019034225341,green
851,-92.93735467010609,319.44397218215386,-13.469210470091754,green
852,-102.61650678333686,267.65884599986333,-14.665624790509282,green
853,-99.16414325689853,269.1975487368313,-16.344898633266133,green
854,-100.1277555106878,265.57186513785206,-13.288657245110915,green
855,-80.31012706488137,300.03035007903094,-15.108916320483315,green
856,-35.16492671595778,202.17626108591907,-7.531829803528344,green
857,-13.86341999550107,179.86328702144837,-10.774369317957513,green
858,-10.931581614575874,154.74990776231905,-8.017008455488869,green
859,-8.87253986639619,128.69212400988948,-9.910450417471074,green
860,15.995883174885105,152.65432575831827,-5.689268323404859,green
861,-197.78186119619403,201.19527315512877,-17.47010403349201,green
862,-100.54122422797892,271.2286062132473,-14.248263028486454,green
863,-99.88345493780608,268.31319008239456,-15.002848280183455,green
864,-80.50196466538837,299.7084898829299,-15.492663359090393,green
865,-35.11452962835002,202.00876204374225,-8.58636904848011,green
866,-32.04828283084318,189.58582401478188,-8.139133075691648,green
867,-11.409735969154813,153.42160210176377,-6.3040096856343775,green
868,-9.0154412768539,127.73306356606051,-9.313283286011412,green
869,-11.71698320364017,47.12884221597341,-8.242787503387879,green
870,-100.01248909412595,315.2492544702186,-9.128419477376033,green
871,-100.78872931755555,267.21267297389795,-12.104420009676062,green
872,-81.85123142556245,298.41807369998725,-11.264160748197853,green
873,-15.759341622149114,176.18979413210207,-3.6822124363352584,green
874,-11.654092016827306,152.54480895883842,-5.045550816213048,green
875,-9.986901181962624,125.21102764957705,-4.369752537489201,green
876,15.017058401825294,149.5941994065225,-0.648946150908606,green
877,-12.039257547990141,45.61187620762668,-5.741328193262914,green
878,14.721329001767765,124.36477966356188,-1.9371297556972447,green
879,-101.80167605007601,270.38010966051064,-11.443322628288882,green
880,-100.7120209990816,267.04502851338,-12.846540981847117,green
881,-101.05489786915322,264.241207679585,-10.976048552381322,green
882,-81.59378324746291,298.46209919471306,-12.035291571178396,green
883,-36.2805119857379,199.31762925994067,-3.78022865139183,green
884,-32.85307535262511,187.89236966805666,-5.379700613221378,green
885,-15.929588923227797,176.0838260744459,-4.543028174396652,green
886,14.462148924179164,124.02412574996987,-2.2788418564983925,green
887,-102.50383199321227,268.9482570602116,-8.432709327728574,green
888,-103.99868815267634,264.76967305678954,-10.506909632104504,green
889,-100.8058723556344,266.173559590812,-11.262915971428704,green
890,-101.11680273995609,262.9013535675333,-10.781927698465065,green
891,-36.11334180886423,199.5964379528878,-4.662608311809581,green
892,-39.08462815821183,186.89399157816425,-3.247037794800017,green
893,-33.265499690984065,186.9970487842103,-3.7180709965931142,green
894,-16.0229864728243,175.6075588359898,-3.9464806684347047,green
895,-10.154427866887808,125.00008138134721,-5.5162501080366635,green
896,14.766797725824643,149.11771517445234,-1.3017817444506947,green
897,-95.4384308566646,313.39266597591075,-10.202673299312954,green
898,-100.9902094958369,266.6562124617344,-10.879255089238795,green
899,-82.45423319784625,297.2741236543699,-8.25247595237904,green
900,-36.172840104501255,199.9397232423628,-4.4585217391844365,green
901,-33.062258068019254,187.35951620993035,-4.155577478353012,green
902,-38.47192014898264,167.93766013658998,-3.3521676031794274,green
903,-10.42862168668471,124.42372596614395,-3.8169589582904777,green
904,-95.65922031992068,313.13901697486426,-10.518581953071825,green
905,-103.99022712677511,265.2685123044546,-11.189849764306821,green
906,-100.79613399964975,266.54226619470046,-11.854553118757698,green
907,-101.42735733826729,263.10576373062355,-10.35126437995699,green
908,-35.837970217603214,199.9289087133549,-5.798937831597456,green
909,-16.17778739501787,175.43138117326336,-3.1806837283517444,green
910,-10.308371810542425,124.68674491230517,-4.692353742723524,green
911,-99.30224594965402,268.1107299823689,-15.669860181466156,green
912,-100.09422064364405,264.21567176644106,-13.793688640404683,green
913,-80.85726753877951,298.9444762762223,-13.518769601465166,green
914,-35.762332658673635,200.3617551943051,-5.98460947894188,green
915,-15.724320201159104,176.64338812191582,-5.443632889922312,green
916,-11.679217533182019,152.9585341083378,-6.43284544975956,green
917,-9.757166615403204,18.294389038193216,-5.420079960776344,green
918,-95.32996419063723,313.3524582375465,-10.758601718251125,green
919,-100.65540307491887,266.86909055708946,-12.097504171324113,green
920,-35.87734135712616,200.3961654187831,-5.816077930261577,green
921,-15.673855157292888,175.66495560401586,-3.911772578679176,green
922,-12.153241975024205,151.55873333768005,-3.818788605231241,green
923,-198.1630000284511,200.27666743194277,-16.182290799285294,green
924,-98.08504050961155,315.73819487566385,-11.730705256621365,green
925,-94.29275436158923,317.3257231862235,-9.450080071206074,green
926,-101.04889067926908,269.0262862377705,-10.755984098821191,green
927,-100.42536329015073,267.0510357811714,-12.033218186768625,green
928,-81.94010299752631,297.85652414369537,-9.3650570386214,green
929,-36.79730820506111,199.00038870777158,-1.4715707181316322,green
930,-32.84210737235095,187.37618959391162,-3.650157369722101,green
931,-12.198743516338844,151.4563327057047,-3.0924301140217416,green
932,-197.03844541830975,200.7307363565287,-18.19890603177686,green
933,-102.89574304374395,277.17410232234664,-12.862306084911728,green
934,-101.02851328232617,266.40256540515765,-10.96069004362884,green
935,-82.42401151434451,297.30349351333814,-8.661033356510329,green
936,-35.49184423836166,200.3007899508133,-6.625346744114785,green
937,-16.14209441956634,175.37336316513478,-3.213985417196798,green
938,-21.985528261287993,140.49197055284608,-2.7903122639833438,green
939,-10.318693701789313,124.58233562005739,-4.614794027040438,green
940,-198.17420891115896,199.7357417846054,-16.578590294126702,green
941,-94.71879024451806,316.6201682881008,-9.024947045422138,green
942,-106.37164693788172,273.3634707352233,-3.059279558606806,green
943,-103.80021262471617,265.0399095488414,-11.423956598732017,green
944,-100.650442171553,266.45019146015306,-12.224582956493194,green
945,-101.17278554589369,262.99599557984345,-10.708594071490575,green
946,-36.164839024335926,199.4046008497411,-4.779918297216544,green
947,-10.244822236528856,124.68533628869544,-5.673434414303187,green
948,-10.161601668363803,17.116706292976534,-4.423447736548512,green
949,-197.70540821822217,200.30376044255198,-18.222433001641683,green
950,-98.76670842396783,314.7202723359397,-10.911883161031449,green
951,-94.69607386795498,316.6213187655108,-8.669287606013844,green
952,-100.09719322963294,266.8890127163782,-13.241972638479625,green
953,-36.56873082320458,199.26887469750633,-3.7761005531952847,green
954,-15.76938195474081,175.96462834488372,-5.733224327444232,green
955,-21.711591079978962,141.27829227836872,-5.338500108469572,green
956,-10.239867036198078,125.02804476647071,-6.585434114279623,green
957,-37.01430129863229,197.1977539446968,-1.4896421880571395,green
958,-16.72759644645257,173.1895280777494,-0.5425463263327152,green
959,-13.05420321953212,148.8718406814062,-0.28728558793628994,green
960,-11.155628303672376,122.15662807169045,-1.8441591390819272,green
961,-12.017883866913623,67.37077223194063,-1.1267694156418397,green
962,-95.43962498540544,315.9451567936503,-6.384495411315507,green
963,-102.11011243083766,265.0962583259256,-7.873885266015134,green
964,-36.61432831528453,198.30677899137308,-2.4773982318185306,green
965,-10.77198098723555,123.09667948170855,-2.6982116656590676,green
966,-11.7634846699667,68.50505750969332,-2.1491725513438182,green
967,-105.17818115166502,262.78218969443367,-6.811951893022724,green
968,-102.04987043289007,264.2685305348998,-7.728036327809094,green
969,-37.058321134176715,197.18022719942172,-1.0828394948600415,green
970,-38.564625489858045,186.49561858192794,-5.099239445079815,green
971,-21.598785665117923,157.21938139532764,-1.2778699712189059,green
972,-11.224478744463845,122.06626411666689,-1.5582676925086516,green
973,-95.81686402501215,314.95371734152855,-5.375482710158416,green
974,-96.58866330816812,311.1682785398952,-6.671147812191668,green
975,-105.13228695622529,262.87614780499825,-7.264912271372334,green
976,-101.90098012327431,267.8712650225562,-9.637126630118617,green
977,-101.97923558428546,264.32306063870266,-7.954473002901995,green
978,-102.09595206522776,261.3221749207819,-7.339521428919729,green
979,-37.117085130612665,196.95875862661077,-0.9260851815878353,green
980,-11.34099670048822,121.67005202491916,-1.0457783357577517,green
981,-101.17300009617003,268.0889584895221,-11.341615995083844,green
982,-37.27974298055505,196.8605870755978,-0.7299849161962754,green
983,-16.875529683215465,172.97723979278112,-0.5735524599684881,green
984,-10.569543426649947,123.5849799398471,-5.3665207932757495,green
985,-10.495188019179002,15.038293755687308,-3.5476916926476183,green
986,-104.12669440513467,263.2409901685039,-10.045682365613409,green
987,-102.1250604461837,267.0788381602465,-8.929055366603565,green
988,-101.57590166444835,261.0571719769038,-9.274710669451977,green
989,-36.25924666717211,198.19546653690298,-5.134178085602108,green
990,-38.82564914087765,185.63439109018907,-4.34433081930982,green
991,-38.082478037979534,166.21830007340745,-5.252964471789651,green
992,-16.849842332749343,172.83560776119756,-1.0437516066934822,green
993,-10.831544124713256,122.76873207353445,-4.253139196181222,green
994,-8.44822645423449,20.73038602707027,-12.86168520398369,green
995,-104.31666892955239,262.91567699164386,-9.250970552725276,green
996,-101.29587845136645,264.0952985748316,-9.71656485104268,green
997,-36.60311519191108,197.55145359599845,-3.9684784446716854,green
998,-33.96961486104443,184.39186550985937,-1.424866531180038,green
999,-13.711128728186026,94.64349883338433,-3.277380112164883,green
1000,-102.0307507078664,263.6899272252144,-5.888969054584446,green
1001,-11.10214069110492,121.6515823715098,-0.9399757525506488,green
1002,-101.84983557617188,263.93660057291174,-6.590398612145263,green
1003,-11.346020819102172,121.21055128173077,-0.0681143403950131,green
1004,-103.16148413613548,266.26154952426384,-4.144340401102137,green
1005,-102.72159602418611,262.75914569116287,-3.9448573156576576,green
1006,-102.70131445910478,259.99695331533815,-3.581781767062785,green
1007,-11.117034510206027,121.31244390816909,-0.6974504391418278,green
1008,-105.0840568700662,262.4213306681205,-5.312148081682895,green
1009,-103.37188331811737,265.8198833596138,-3.3123199052715933,green
1010,-102.66862061445272,263.2253620618051,-4.4607329721157924,green
1011,-127.08544515465918,194.18547425992926,-4.187800622066588,green
1012,-38.751763803294416,164.7092728071138,-0.21657512931122222,green
1013,-11.218449190964476,121.4993704528982,-0.632095808121614,green
1014,-10.375442077436889,13.858015817953167,-0.9140238768031583,green
1015,-105.9060390611324,260.9287056195754,-2.984652354558117,green
1016,-101.7003629360555,263.255800909601,-6.190000169685822,green
1017,-186.47675960468055,178.5526568333849,-332.0473618146263,green
1018,-36.83357946509413,196.91247788703427,-1.2185605180840273,green
1019,-39.13096184830086,184.38108867589418,-1.2479518401861671,green
1020,-12.796628848925277,148.3490973487602,-0.39153693229976444,green
1021,-11.083950200334296,122.0703260409522,-2.602964232229861,green
1022,-126.70503845485644,193.86838523184554,-4.543557302273882,green
1023,-36.33382664154585,196.92776163548325,-2.3794460821631747,green
1024,-38.09779920031747,166.1017557649649,-2.8487928898253396,green
1025,-11.210057797837829,121.42900777348882,-1.649898440396857,green
1026,-9.37747055234334,17.91610204623496,-8.101337748900251,green
1027,-125.31824105763012,194.76172506764328,-9.544093094797407,green
1028,-35.77886059324116,197.63333520262245,-6.438054446145132,green
1029,-38.9987348302621,184.62641899819758,-4.368255244817419,green
1030,-16.43119395281638,172.91505702084706,-3.684932797143516,green
1031,-12.43861139341768,149.38391640517946,-4.96241218771765,green
1032,-10.183314487851291,124.07825771387817,-9.105860448365982,green
1033,14.68453378275449,147.92829767942973,-4.308919997132694,green
1034,-182.31495246501095,175.9084269458748,-332.13648878269635,green
1035,-36.57072235204693,196.6237583721218,-1.8833467004469144,green
1036,-12.635024166148304,148.27043276434583,-0.9712773780025076,green
1037,-10.869323295776233,122.0602454554453,-3.2957230139308438,green
1038,-7.249604102419805,24.179229170625913,-18.92813078660117,green
1039,-186.77005713673265,178.12693160508238,-328.27124091057385,green
1040,-187.1648966005383,177.9591512993846,-328.4489572576774,green
1041,-182.7911479630442,175.30788344765017,-330.6173176658361,green
1042,-187.07186681212494,178.23120497179588,-327.68779571649435,green
1043,-104.67535700232234,132.56532381687654,-329.60634142084524,green
1044,-81.29832531555896,176.00263715938655,-332.67460673985715,green
1045,-188.91617590980727,175.475348464235,-326.6124809496889,green
1046,-184.45882702833333,172.82423465589827,-328.785324880781,green
1047,-96.60566457712737,196.47061349720602,-273.18952060070217,green
1048,-82.6603815757177,175.33741836706943,-330.87207133708057,green
1049,-187.3809651272945,177.87177614292438,-325.8190385677786,green
1050,-182.92934875442126,175.1181888625091,-327.69682224846053,green
1051,-82.01387392318185,175.22014935806675,-329.85650725538653,green
1052,-186.31370218429092,179.68651244934722,-327.4480293057024,green
1053,-183.1785510706966,175.98724103395796,-328.00155158717257,green
1054,-81.53761133475675,176.73606103369298,-330.83766939258777,green
1055,-183.63296820930023,183.05813414009717,-330.8549530047444,green
1056,-100.82099422594692,259.8877751545559,-3.8600480849857934,green
1057,-16.159741608786394,173.21078454020454,-2.1659657709521505,green
1058,-12.454339977965128,148.2763321515608,-0.22118739463591014,green
1059,-10.782738480427675,121.82897910059472,-2.230690727922411,green
1060,-185.44823176832182,179.52041595939568,-327.8227696163724,green
1061,-182.91868173360592,175.20819330163422,-327.43309489954197,green
1062,-65.91186301504993,163.2491449542906,-331.1485721300462,green
1063,-186.82522068715195,177.88450722756832,-326.32017710627224,green
1064,-183.8458143427065,174.01848297485498,-326.5295790181246,green
1065,-82.11866212684195,175.05972572540935,-330.15779439410926,green
1066,-99.10590072872621,172.92466752060992,-329.57849864683067,green
1067,-101.7474881747967,257.45016139468817,-1.8843883277115976,green
1068,-38.591081058411305,183.081297476591,-0.25805060632681204,green
1069,-10.887920970763966,120.88084272233408,-1.4567481174607961,green
1070,-12.111908341036093,65.9686612059792,-0.47382686115395745,green
1071,16.668823058159095,87.97803054950961,-128.05033340143066,green
1072,-167.5495105731737,159.87913023063726,-327.1257677859472,green
1073,-82.23409753956705,175.94364025035247,-328.286121979641,green
1074,-168.22122822383176,159.92697897477692,-325.2253197102635,green
1075,-179.15734175395997,179.55230262975596,-329.6252909442814,green
1076,-130.34537066047375,117.76891723178385,-330.8423285289269,green
1077,-167.2675849576967,160.4063938603114,-323.28798025157437,green
1078,-181.13078639140554,177.97657878722393,-325.3013723572495,green
1079,-166.1539805493402,162.0994723132149,-325.8639248758083,green
1080,-185.09983179558742,181.59848427395391,-325.88518315481116,green
1081,-180.28397586186466,179.5764182709937,-324.24022955539334,green
1082,-130.65746215392446,118.21560041810346,-327.0127598950505,green
1083,-81.39040917940314,178.85175925603954,-325.44883581769227,green
1084,-180.63444337000954,178.7474519557404,-322.5980001374885,green
1085,-167.36005206878957,161.0384885684334,-320.64506732854557,green
1086,-87.70359490788015,144.43805620333495,-319.0735430268929,green
1087,-80.19107037988444,188.7928193875267,-37.61645259644139,green
1088,-168.14873439142113,160.59698490389982,-318.9918348637531,green
1089,-152.76516264980674,132.04347662604368,-323.53329500842557,green
1090,-180.11642970619704,179.86162681217493,-320.85646290542314,green
1091,-167.11433024038348,162.15320601328014,-318.85664011086567,green
1092,-95.43438541288907,156.56499744067776,-320.1465438172062,green
1093,-87.70148823087479,145.49076294681544,-317.4251714420795,green
1094,-60.78759797079913,95.56784348899967,-317.4140249770576,green
1095,-166.2360320109952,163.52586897543367,-318.3932488000998,green
1096,-151.30516886935283,151.0019143233304,-321.0931855131052,green
1097,-167.26257474777708,160.7567866676395,-317.0975575253064,green
1098,-58.27363081842176,97.89485177533881,-316.3484318234341,green
1099,-167.37158182831178,160.98615860222168,-318.5480754986834,green
1100,-131.39729287472352,115.93963365837307,-321.66511221759976,green
1101,-185.8385965230954,179.5157290008841,-317.3245896927711,green
1102,-168.18882519519855,159.0276772016418,-317.51759375727124,green
1103,-131.03020802180362,114.88519608657629,-322.14095305551484,green
1104,-105.0136234830176,131.89964498513118,-317.5790733369664,green
1105,-166.5439539728797,160.9282412328686,-321.37870184920826,green
1106,-166.53245204338486,160.7852882989839,-321.49093884999746,green
1107,-86.93422431780718,143.87651474052998,-319.5299900335703,green
1108,-79.85266785219144,189.6598853451393,-39.18802706567376,green
1109,-184.65528162183864,181.43381230660785,-321.00565000054655,green
1110,-130.93368242221058,116.21432528287697,-324.50888973239205,green
1111,-80.29255735180226,188.8931935054332,-37.12373770068121,green
1112,-167.70163249887415,159.7644641946975,-320.6123951475111,green
1113,-167.90844332802695,159.02761089386428,-320.8040102180465,green
1114,-76.674450774156,182.00784306404609,-321.03535566725304,green
1115,-130.75054679332257,114.05855012365556,-323.01386162856244,green
1116,-81.1103185580822,175.02391441160103,-321.08751487489883,green
1117,-168.15712775118277,158.53860452156908,-321.63602075575676,green
1118,-81.019605738991,188.60316946769214,-35.814114645665605,green
1119,-185.93573218338503,178.88186923936598,-323.0626454643755,green
1120,-167.5593209958173,158.91737742445648,-323.9964822908004,green
1121,-104.31658081024426,132.0610726506944,-323.8442608533178,green
1122,-81.88712862658103,174.98385278537071,-325.36033167539284,green
1123,-180.04289061395102,177.6670116438712,-326.6566979149751,green
1124,-166.0714771145892,160.75750629350244,-325.5602952285988,green
1125,-79.84557275469446,177.41755138851576,-328.4534985554839,green
1126,-79.59303789455033,177.59528903719553,-330.1478767983324,green
1127,-181.88647496067483,175.35124104111267,-325.49278486404023,green
1128,-59.91424692511601,154.56558496402565,-324.78042219546336,green
1129,-185.6273102363214,178.7094825268373,-328.10570707150725,green
1130,-64.53151468293218,163.36199392193424,-331.94495528414853,green
1131,-10.669132906659073,122.32960713712853,-1.4427021898836208,green
1132,-100.658296208711,260.0761281470892,-5.804094590508104,green
1133,-83.71703974994394,222.81907759874022,-1.778214293991258,green
1134,-36.19410002080776,196.66099369430728,-0.8450324752378807,green
1135,-37.38495250059138,165.9302122434626,-3.568103201324916,green
1136,-11.007526010516687,13.22695523285662,-0.028048085782532692,green
1137,-136.243738625994,193.54601547023802,-2.0585243968658897,green
1138,-99.3415504463754,263.8633935176419,-8.590637872278117,green
1139,-100.09521051317087,260.33901678420176,-6.285536087074409,green
1140,-125.42009922696805,194.37489978339605,-5.056208278255666,green
1141,-37.753671236014576,165.61702576897625,-1.8804215814945011,green
1142,-16.373211558222653,172.77572190396168,-0.0030834093207717655,green
1143,-12.480880166771907,148.79461767086076,-0.41372397657393145,green
1144,-183.965149771385,180.25885961705836,-327.9766362157602,green
1145,-102.19406960602197,261.1685701035054,-0.39590071112391595,green
1146,-101.84082479465133,264.38914110640457,-1.8429019110853735,green
1147,-105.53265208543165,260.1394502560469,-0.5548846178048433,green
1148,-102.52819571156314,261.69671410589376,-1.0474245208329926,green
1149,-200.19785051511818,195.2721616611814,-9.645995480028096,green
1150,-95.38542731847406,312.5395123535313,-0.5883522508375227,green
1151,-192.02212152318953,355.96340771432955,-11.61266213448116,green
1152,-198.41005352947306,196.4441678015107,-10.69232655983849,green
1153,-193.7867941608546,356.7214201596634,-7.583267160932758,green
1154,-102.6094917954739,261.7600556166344,-0.12556555953322224,green
1155,-82.55541675986564,293.75101461961475,-0.8406765338512243,green
1156,-199.23771332985567,196.02103115324593,-11.558731970365539,green
1157,-95.54020538397944,312.5701674255587,-0.8967038455899962,green
1158,-96.33908197360091,308.8106539754825,-2.33139593627909,green
1159,-81.58536037482197,294.3380839940412,-5.858591224547373,green
1160,-201.49269242642853,195.3103441725466,-8.858784045467468,green
1161,-81.62933957934368,294.6835716625755,-5.37111069206009,green
1162,-202.16772885658065,194.16377179794878,-5.235538269459438,green
1163,-201.17934433463148,195.26798187282242,-8.492867512326267,green
1164,-102.88919896855941,261.42614149349333,-0.4914048723860774,green
1165,-198.66438527241775,355.97632042185046,-1.1419648330067795,green
1166,-200.60598086689632,195.9682704593895,-9.528411351577946,green
1167,-103.24155147905816,261.45786756240716,-0.004882089125873746,green
1168,-194.30833429957593,356.88278128657623,-11.204182089338612,green
1169,-99.04658561404264,311.64614309187544,-6.691646910707817,green
1170,-104.71680892832357,261.3343583016627,-7.16643440729751,green
1171,-125.7178733013898,194.28443139461083,-7.392651863127991,green
1172,-40.710304635955104,186.37664569621916,-7.469586934826859,green
1173,-15.635220999276584,173.88678462089732,-4.1027735791499556,green
1174,-13.031272301756958,148.14327617454364,-0.7992094322093635,green
1175,-10.777264396848883,122.46226040939868,-4.004505956545716,green
1176,-11.685825276760799,68.21543454645287,-3.9053051481313537,green
1177,-14.055388788708031,40.12136439385763,-1.6676201650711457,green
1178,-6.991659059291595,24.400978022004313,-17.70134727910069,green
1179,-98.35925061980612,264.88116576086276,-17.0980167445042,green
1180,-99.20337526577416,260.88479817358564,-15.90289376515998,green
1181,-78.91980112042049,297.4141700683636,-17.288946103041575,green
1182,-35.15033490139691,199.38339858242506,-10.530837114135915,green
1183,-39.636890097036115,188.4338020232292,-14.120104182719931,green
1184,-37.06709692200137,187.59836807958453,-11.530757958722988,green
1185,-15.151296682479808,175.49151683563628,-9.694493614027646,green
1186,-11.718444697686499,151.2725969214143,-9.268668931589325,green
1187,-9.162625261343223,126.66209909914105,-13.828844594714399,green
1188,-9.914099801002896,52.029331302486554,-22.086399175384486,green
1189,3.978600478507595,55.81248821149248,-65.82295783311253,green
1190,-1.3857316098609975,38.22846372964149,-38.358875623667046,green
1191,-96.73792272100566,194.23512833483835,-273.3247374321085,green
1192,-199.92372979867963,191.542592417918,-3.4335987982868015,green
1193,-90.3781459269393,184.53496999973643,-322.9153081529649,green
1194,-183.97293640341002,177.45332805536992,-324.4931035888881,green
1195,-96.50996334867565,172.71572358694775,-325.0002759719306,green
1196,-182.95017621836556,178.5278347890088,-324.4569662878799,green
1197,-184.90748402640097,177.9384036851483,-320.89555246744544,green
1198,-184.71519548940336,177.4853182474108,-323.47538084895865,green
1199,-184.40787324033892,177.96216952949635,-324.05823399418034,green
1200,-180.22845949253252,175.18192685919118,-326.0464916478625,green
1201,-185.12160921448998,178.89292696164577,-324.7564364216037,green
1202,-179.74873599249267,177.45415945164515,-326.8718157807521,green
1203,-179.8439720043639,177.59997155116216,-325.1214930828941,green
1204,-166.43702755702384,160.0357009375169,-323.0229162748699,green
1205,-181.38342253364934,146.6079632698023,-324.7665651683981,green
1206,-169.52461887246082,154.7436637389965,-319.5838746267243,green
1207,-187.5785611327846,176.59736559184165,-318.6938980324284,green
1208,-185.1827088624331,171.98737396517473,-318.0135443829616,green
1209,-169.58825878402598,156.02667450231252,-318.9858936822952,green
1210,-133.95148859262235,109.47812094759362,-320.6381758136242,green
1211,-167.3613601695635,160.82343773359486,-322.10284914425483,green
1212,-129.96399793304866,116.55011115038579,-326.41132414502385,green
1213,-86.32802005221862,139.46672443752993,-320.3998741224761,green
1214,-186.84129749956594,179.48808652316683,-322.14174971615483,green
1215,-169.15246511338307,158.9474094360587,-322.3612702790531,green
1216,-186.68189464215195,180.19642251157555,-321.6685844957667,green
1217,-184.82966369100154,175.5413509898922,-320.80862211220204,green
1218,-169.18190012968142,159.54883627154842,-321.669424561835,green
1219,-152.962049337467,129.3460854476412,-326.81858396246236,green
1220,-184.20430297978368,175.5182830262008,-327.4483820565243,green
1221,-181.81966202162923,178.54467878144195,-324.238459258007,green
1222,-168.660289888329,160.81358873331678,-322.645533047608,green
1223,-154.20960352817156,129.8360065463301,-325.2750881906862,green
1224,-169.58881728050022,160.12236628855962,-321.0760550979028,green
1225,-153.32994292515073,128.92227610501877,-326.0962093493117,green
1226,-170.94209205822634,158.37197770983215,-321.26042594578405,green
1227,-127.52737662960854,142.83480700434367,-317.68761942930894,green
1228,-123.25200881194274,112.95358515491354,-324.9121743923783,green
1229,-187.2473137685212,181.4602009691822,-321.6717822139186,green
1230,-184.17508907196316,177.6543470150079,-322.26320525300906,green
1231,-169.2432368837103,161.1336696325629,-322.3404423710815,green
1232,-153.2512807264787,131.8978558082177,-327.1768814791181,green
1233,-68.22461074721635,69.22171086438692,-322.91749156312846,green
1234,-184.30912204897714,176.81313314581826,-322.01737174044143,green
1235,-126.13092380686768,144.54625229896428,-318.89161654112894,green
1236,-183.22701420466186,177.80898300722865,-323.1766547285941,green
1237,-168.31162214167276,161.3793499195319,-323.1402473479893,green
1238,-184.6268255400252,176.46268936781553,-323.89061860697115,green
1239,-183.1339475344788,180.04896408925262,-320.3239154507059,green
1240,-170.5303347227639,159.2298684877982,-322.780251682673,green
1241,-154.8276083743048,127.9894522718313,-327.1182036893615,green
1242,-76.65605278911582,60.468761457022865,-324.8869386335902,green
1243,-187.51046744373699,180.6581034743947,-324.199596144998,green
1244,-169.51085589600805,160.28248416663502,-324.8190635555623,green
1245,-184.52693000566103,177.253187783315,-323.54288680294286,green
1246,-169.06205178141852,161.15376435169284,-324.3002907937815,green
1247,-154.23615185077247,130.34629261679373,-327.47398034726893,green
1248,-122.06303973927702,115.18789791706568,-327.31665571218775,green
1249,-168.74193535269865,162.33469252717086,-323.4827744557823,green
1250,-152.58622250625692,150.627201020492,-327.81231261089715,green
1251,-153.13944353857804,132.29255767729748,-327.52174282480826,green
1252,-154.04828775435476,130.01758064474666,-330.3801867924791,green
1253,-133.3044853932683,116.72955004929986,-330.3443909340429,green
1254,-121.85589543378742,115.90211040148928,-330.40874069535954,green
1255,-184.58003771093584,177.24237285509588,-322.88215053658763,green
1256,-153.13672463402278,129.83844804866914,-327.692230532221,green
1257,-124.89952896905532,146.01156709801327,-321.8423390499963,green
1258,-131.75689293479795,116.97713744947639,-327.9524844614778,green
1259,-126.76528413655042,127.0575301732445,-323.75642753712776,green
1260,-121.28119033080053,115.14794827231962,-326.7624792751935,green
1261,-186.1492176136237,175.8587023449989,-322.18598192699767,green
1262,-170.5268059106582,159.6631479772932,-323.0074327874472,green
1263,-152.75691876224275,130.2295781107159,-329.5642394917784,green
1264,-105.18368096262327,134.58516960659975,-325.8000448277607,green
1265,-184.73953786343836,176.3706335693187,-325.85901882666036,green
1266,-169.59180387690054,159.7245923748768,-326.0392592888785,green
1267,-188.33226028206101,179.49305701654342,-327.08076108906647,green
1268,-169.84766284612815,159.47152997188192,-327.9278850749207,green
1269,-131.7626148295364,115.97887729616568,-332.1238992783717,green
1270,-171.4248944922091,156.3637643611771,-326.66223171191854,green
1271,-180.63444337000954,178.7474519557404,-322.5980001374885,blue
1272,-167.36005206878957,161.0384885684334,-320.64506732854557,blue
1273,-87.70359490788015,144.43805620333495,-319.0735430268929,blue
1274,-80.19107037988444,188.7928193875267,-37.61645259644139,blue
1275,143.1618379642547,187.14810582730442,-445.6490353438428,blue
1276,-168.14873439142113,160.59698490389982,-318.9918348637531,grey
1277,-152.76516264980674,132.04347662604368,-323.53329500842557,grey
1278,-99.75111230149481,317.8795399564925,-8.18404648983621,pink
1279,-95.20795984769643,316.9542237936875,-10.153972318120564,pink
1280,-101.69709174155905,266.2848071290807,-12.019199681139867,pink
1281,-83.14207070159303,297.6529313994423,-9.646755551656435,pink
1282,-36.04333189258429,199.62627039714198,-6.986624919544153,pink
1283,-38.460688769703566,168.34126118429748,-6.19734147644065,pink
1284,-10.453493098726616,124.29414538055978,-5.8387002864326645,pink
1285,14.252940016759688,148.31183994611078,-1.0527624713948043,pink
1286,-11.72573709812302,68.81933654608339,-3.3875588631822917,pink
1287,-180.11642970619704,179.86162681217493,-320.85646290542314,red
1288,-167.11433024038348,162.15320601328014,-318.85664011086567,red
1289,-95.43438541288907,156.56499744067776,-320.1465438172062,red
1290,-87.70148823087479,145.49076294681544,-317.4251714420795,red
1291,-60.78759797079913,95.56784348899967,-317.4140249770576,red
1292,-166.2360320109952,163.52586897543367,-318.3932488000998,orange
1293,-151.30516886935283,151.0019143233304,-321.0931855131052,orange
1294,-167.26257474777708,160.7567866676395,-317.0975575253064,yellow
1295,-58.27363081842176,97.89485177533881,-316.3484318234341,yellow
1296,-167.37158182831178,160.98615860222168,-318.5480754986834,purple
1297,-131.39729287472352,115.93963365837307,-321.66511221759976,purple
1298,-185.8385965230954,179.5157290008841,-317.3245896927711,green
1299,-168.18882519519855,159.0276772016418,-317.51759375727124,green
1300,-131.03020802180362,114.88519608657629,-322.14095305551484,green
1301,-105.0136234830176,131.89964498513118,-317.5790733369664,green
1302,-166.53245204338486,160.7852882989839,-321.49093884999746,grey
1303,-86.93422431780718,143.87651474052998,-319.5299900335703,grey
1304,-79.85266785219144,189.6598853451393,-39.18802706567376,grey
1305,-184.65528162183864,181.43381230660785,-321.00565000054655,pink
1306,-130.93368242221058,116.21432528287697,-324.50888973239205,pink
1307,-22.092635595236434,264.37884111651016,-499.87911591542166,pink
1308,-80.29255735180226,188.8931935054332,-37.12373770068121,pink
1309,-167.90844332802695,159.02761089386428,-320.8040102180465,orange
1310,-76.674450774156,182.00784306404609,-321.03535566725304,orange
1311,-105.50897765229256,264.3825498657179,-9.667921508063797,yellow
1312,-102.1664931016459,268.84781443655163,-11.851709633561319,yellow
1313,-37.494585399171235,197.60575607734674,-1.5055418303658061,yellow
1314,-10.555246121672196,124.21670758296125,-5.776190890066858,yellow
1315,14.29705266432254,148.24079502548273,-1.052148618706202,yellow
1316,-11.603571408769147,69.02217586025186,-3.8798221701981004,yellow
1317,-9.430519511892353,-32.086286749217166,-18.53067779458581,yellow
1318,-130.75054679332257,114.05855012365556,-323.01386162856244,purple
1319,-81.1103185580822,175.02391441160103,-321.08751487489883,purple
1320,-168.15712775118277,158.53860452156908,-321.63602075575676,green
1321,-77.48522638473521,166.11353638855147,-398.4634885297069,green
1322,-81.019605738991,188.60316946769214,-35.814114645665605,green
1323,-185.93573218338503,178.88186923936598,-323.0626454643755,blue
1324,-167.5593209958173,158.91737742445648,-323.9964822908004,blue
1325,-104.31658081024426,132.0610726506944,-323.8442608533178,blue
1326,-81.88712862658103,174.98385278537071,-325.36033167539284,blue
1327,-180.04289061395102,177.6670116438712,-326.6566979149751,grey
1328,-166.0714771145892,160.75750629350244,-325.5602952285988,grey
1329,-79.84557275469446,177.41755138851576,-328.4534985554839,grey
1330,-13.212457863999818,-44.868341986873766,-0.061204578013632674,grey
1331,-181.88647496067483,175.35124104111267,-325.49278486404023,orange
1332,-59.91424692511601,154.56558496402565,-324.78042219546336,orange
1333,-185.6273102363214,178.7094825268373,-328.10570707150725,purple
1334,42.90373507067036,-150.81860852137066,-2.8884963588098107,purple
1335,-64.53151468293218,163.36199392193424,-331.94495528414853,green
1336,-10.669132906659073,122.32960713712853,-1.4427021898836208,green
